use [D735329123B1DB1E508F494E75B7F617_TS\FWFC ONCALL AFTER HOURS SCHEDULER\FWFC ONCALL AFTER HOURS SCHEDULER\DATA\DBFWFCSCHEDULER.MDF]
GO
SET IDENTITY_INSERT [dbo].[Employee] ON 

INSERT [dbo].[Employee] ([ID], [FirstName], [LastName], [Active]) VALUES (1, N'Jordan', N'Crago', N'Y')
INSERT [dbo].[Employee] ([ID], [FirstName], [LastName], [Active]) VALUES (2, N'Sasha', N'Dorval', N'Y')
INSERT [dbo].[Employee] ([ID], [FirstName], [LastName], [Active]) VALUES (3, N'Nolan', N'Wood', N'Y')
INSERT [dbo].[Employee] ([ID], [FirstName], [LastName], [Active]) VALUES (4, N'Patrick', N'Marcino', N'Y')
INSERT [dbo].[Employee] ([ID], [FirstName], [LastName], [Active]) VALUES (5, N'Johnny', N'Otherguy', N'Y')
SET IDENTITY_INSERT [dbo].[Employee] OFF
INSERT [dbo].[Schedule] ([EmployeeID], [WorkDate], [ShiftType]) VALUES (1, CAST(N'2016-02-01' AS Date), N'O')
INSERT [dbo].[Schedule] ([EmployeeID], [WorkDate], [ShiftType]) VALUES (2, CAST(N'2016-02-02' AS Date), N'O')
INSERT [dbo].[Schedule] ([EmployeeID], [WorkDate], [ShiftType]) VALUES (3, CAST(N'2016-02-03' AS Date), N'O')
INSERT [dbo].[Schedule] ([EmployeeID], [WorkDate], [ShiftType]) VALUES (4, CAST(N'2016-02-04' AS Date), N'O')
INSERT [dbo].[Schedule] ([EmployeeID], [WorkDate], [ShiftType]) VALUES (5, CAST(N'2016-02-05' AS Date), N'O')
INSERT [dbo].[Schedule] ([EmployeeID], [WorkDate], [ShiftType]) VALUES (1, CAST(N'2016-02-06' AS Date), N'O')
INSERT [dbo].[Schedule] ([EmployeeID], [WorkDate], [ShiftType]) VALUES (2, CAST(N'2016-02-07' AS Date), N'O')
INSERT [dbo].[Schedule] ([EmployeeID], [WorkDate], [ShiftType]) VALUES (3, CAST(N'2016-02-08' AS Date), N'O')
INSERT [dbo].[Schedule] ([EmployeeID], [WorkDate], [ShiftType]) VALUES (4, CAST(N'2016-02-09' AS Date), N'O')
INSERT [dbo].[Schedule] ([EmployeeID], [WorkDate], [ShiftType]) VALUES (5, CAST(N'2016-02-10' AS Date), N'O')
INSERT [dbo].[Schedule] ([EmployeeID], [WorkDate], [ShiftType]) VALUES (1, CAST(N'2016-02-11' AS Date), N'O')
INSERT [dbo].[Schedule] ([EmployeeID], [WorkDate], [ShiftType]) VALUES (2, CAST(N'2016-02-12' AS Date), N'O')
INSERT [dbo].[Schedule] ([EmployeeID], [WorkDate], [ShiftType]) VALUES (5, CAST(N'2016-02-13' AS Date), N'O')
INSERT [dbo].[Schedule] ([EmployeeID], [WorkDate], [ShiftType]) VALUES (3, CAST(N'2016-02-14' AS Date), N'O')
INSERT [dbo].[Schedule] ([EmployeeID], [WorkDate], [ShiftType]) VALUES (4, CAST(N'2016-02-15' AS Date), N'O')
INSERT [dbo].[Schedule] ([EmployeeID], [WorkDate], [ShiftType]) VALUES (1, CAST(N'2016-02-16' AS Date), N'O')
INSERT [dbo].[Schedule] ([EmployeeID], [WorkDate], [ShiftType]) VALUES (2, CAST(N'2016-02-17' AS Date), N'O')
INSERT [dbo].[Schedule] ([EmployeeID], [WorkDate], [ShiftType]) VALUES (3, CAST(N'2016-02-18' AS Date), N'O')
INSERT [dbo].[Schedule] ([EmployeeID], [WorkDate], [ShiftType]) VALUES (4, CAST(N'2016-02-19' AS Date), N'O')
INSERT [dbo].[Schedule] ([EmployeeID], [WorkDate], [ShiftType]) VALUES (5, CAST(N'2016-02-20' AS Date), N'O')
INSERT [dbo].[Schedule] ([EmployeeID], [WorkDate], [ShiftType]) VALUES (1, CAST(N'2016-02-21' AS Date), N'O')
INSERT [dbo].[Schedule] ([EmployeeID], [WorkDate], [ShiftType]) VALUES (2, CAST(N'2016-02-22' AS Date), N'O')
INSERT [dbo].[Schedule] ([EmployeeID], [WorkDate], [ShiftType]) VALUES (3, CAST(N'2016-02-23' AS Date), N'O')
INSERT [dbo].[Schedule] ([EmployeeID], [WorkDate], [ShiftType]) VALUES (4, CAST(N'2016-02-24' AS Date), N'O')
INSERT [dbo].[Schedule] ([EmployeeID], [WorkDate], [ShiftType]) VALUES (5, CAST(N'2016-02-25' AS Date), N'O')
INSERT [dbo].[Schedule] ([EmployeeID], [WorkDate], [ShiftType]) VALUES (1, CAST(N'2016-02-26' AS Date), N'O')
INSERT [dbo].[Schedule] ([EmployeeID], [WorkDate], [ShiftType]) VALUES (2, CAST(N'2016-02-27' AS Date), N'O')
INSERT [dbo].[Schedule] ([EmployeeID], [WorkDate], [ShiftType]) VALUES (3, CAST(N'2016-02-28' AS Date), N'O')
INSERT [dbo].[Schedule] ([EmployeeID], [WorkDate], [ShiftType]) VALUES (5, CAST(N'2016-02-29' AS Date), N'O')
INSERT [dbo].[SpecialDates] ([SpecialDate], [DateType]) VALUES (CAST(N'2016-02-06' AS Date), N'W')
INSERT [dbo].[SpecialDates] ([SpecialDate], [DateType]) VALUES (CAST(N'2016-02-07' AS Date), N'W')
INSERT [dbo].[SpecialDates] ([SpecialDate], [DateType]) VALUES (CAST(N'2016-02-13' AS Date), N'W')
INSERT [dbo].[SpecialDates] ([SpecialDate], [DateType]) VALUES (CAST(N'2016-02-14' AS Date), N'W')
INSERT [dbo].[SpecialDates] ([SpecialDate], [DateType]) VALUES (CAST(N'2016-02-15' AS Date), N'H')
INSERT [dbo].[SpecialDates] ([SpecialDate], [DateType]) VALUES (CAST(N'2016-02-20' AS Date), N'W')
INSERT [dbo].[SpecialDates] ([SpecialDate], [DateType]) VALUES (CAST(N'2016-02-21' AS Date), N'W')
INSERT [dbo].[SpecialDates] ([SpecialDate], [DateType]) VALUES (CAST(N'2016-02-27' AS Date), N'W')
INSERT [dbo].[SpecialDates] ([SpecialDate], [DateType]) VALUES (CAST(N'2016-02-28' AS Date), N'W')
INSERT [dbo].[UnavailableDays] ([EmployeeID], [UnavailableDay]) VALUES (2, CAST(N'2016-02-14' AS Date))
INSERT [dbo].[UnavailableDays] ([EmployeeID], [UnavailableDay]) VALUES (3, CAST(N'2016-02-13' AS Date))
INSERT [dbo].[UnavailableDays] ([EmployeeID], [UnavailableDay]) VALUES (4, CAST(N'2016-02-29' AS Date))
INSERT [dbo].[UnavailableDays] ([EmployeeID], [UnavailableDay]) VALUES (4, CAST(N'2016-02-13' AS Date))
INSERT [dbo].[UnavailableDays] ([EmployeeID], [UnavailableDay]) VALUES (5, CAST(N'2016-02-01' AS Date))
INSERT [dbo].[UnavailableDays] ([EmployeeID], [UnavailableDay]) VALUES (1, CAST(N'2016-02-14' AS Date))
INSERT [dbo].[UnavailableDays] ([EmployeeID], [UnavailableDay]) VALUES (2, CAST(N'2016-02-29' AS Date))
INSERT [dbo].[UnavailableDays] ([EmployeeID], [UnavailableDay]) VALUES (3, CAST(N'2016-02-19' AS Date))
